,best_heuristic,best_method,cnk_bh,cnk_ub,thp_bh,thp_ub,ub,optimality
0.001,1809.765,FF_a,1708.0,1806,101765.0,130560.0,1936.56,0.934525653737
0.002,1912.28,FF_a,1708.0,1805,102140.0,130840.0,2066.68,0.925290804575
